<?xml version="1.0" encoding="utf-8"?> 
<feed xmlns="http://www.w3.org/2005/Atom" xmlns:creativeCommons="http://backend.userland.com/creativeCommonsRssModule">
<title type="text">пить</title>
<!-- M. -->
	<translation type="he">
		<src lang="fr">я (пить)</src>
		<hint>я </hint>
		<dst lang="ru">я пью</dst>
	</translation>
	<translation type="he">
		<src lang="fr">ты (пить)</src>
		<hint>ты </hint>
		<dst lang="ru">ты пьёшь</dst>
	</translation>
	<translation type="he">
		<src lang="fr">он (пить)</src>
		<hint>он </hint>
		<dst lang="ru">он пьёт</dst>
	</translation>
	<translation type="he">
		<src lang="fr">мы (пить)</src>
		<hint>мы </hint>
		<dst lang="ru">мы пьём</dst>
	</translation>
	<translation type="he">
		<src lang="fr">вы (пить)</src>
		<hint>вы </hint>
		<dst lang="ru">вы пьёте</dst>
	</translation>
	<translation type="he">
		<src lang="fr">они (пить)</src>
		<hint>они </hint>
		<dst lang="ru">они пьют</dst>
	</translation>
</feed>
