<?xml version="1.0" encoding="utf-8"?> 
<feed xmlns="http://www.w3.org/2005/Atom" xmlns:creativeCommons="http://backend.userland.com/creativeCommonsRssModule">
<title type="text">брать</title>
<!-- M. -->
	<translation type="he">
		<src lang="fr">я (брать)</src>
		<hint>я </hint>
		<dst lang="ru">я беру</dst>
	</translation>
	<translation type="he">
		<src lang="fr">ты (брать)</src>
		<hint>ты </hint>
		<dst lang="ru">ты берёшь</dst>
	</translation>
	<translation type="he">
		<src lang="fr">он (брать)</src>
		<hint>он </hint>
		<dst lang="ru">он берёт</dst>
	</translation>
	<translation type="he">
		<src lang="fr">мы (брать)</src>
		<hint>мы </hint>
		<dst lang="ru">мы берём</dst>
	</translation>
	<translation type="he">
		<src lang="fr">вы (брать)</src>
		<hint>вы </hint>
		<dst lang="ru">вы берёте</dst>
	</translation>
	<translation type="he">
		<src lang="fr">они (брать)</src>
		<hint>они </hint>
		<dst lang="ru">они берут</dst>
	</translation>
</feed>
